"Date","Overall AQI Value","Main Pollutant","Site Name (of Overall AQI)","Site ID (of Overall AQI)","Source (of Overall AQI)","CO","Ozone","PM10","PM25","NO2"
"01/01/2019","107","PM2.5","Bakersfield-California","06-029-0014","AQS","9","35","24","107","33"
"01/02/2019","90","PM2.5","Bakersfield-California","06-029-0014","AQS","7","35","38","90","36"
"01/03/2019","103","PM2.5","Bakersfield-California","06-029-0014","AQS","8","33","52","103","39"
"01/04/2019","108","PM2.5","Bakersfield-California","06-029-0014","AQS","8","34","50","108","41"
"01/05/2019","81","PM10","Bakersfield-California","06-029-0014","AQS","11","36","81","73","32"
"01/06/2019","44","PM2.5","Bakersfield-California","06-029-0014","AQS","3","37","30","44","33"
"01/07/2019","38","NO2","Bakersfield-Westwind","06-029-2019","AQS","3","35","6","23","38"
"01/08/2019","34","Ozone","Arvin-Di Giorgio","06-029-5002","AQS","3","34","12","25","29"
"01/09/2019","49","PM2.5","Bakersfield-Airport (Planz)","06-029-0016","AQS","5","32","19","49","32"
"01/10/2019","58","PM2.5","Bakersfield-California","06-029-0014","AQS","5","33","19","58","25"
"01/11/2019","49","PM2.5","Bakersfield-California","06-029-0014","AQS","3","35","19","49","23"
"01/12/2019","38","Ozone","Maricopa","06-029-0008","AQS","2","38","4","13","25"
"01/13/2019","37","Ozone","Arvin-Di Giorgio","06-029-5002","AQS","3","37","4","25","25"
"01/14/2019","37","Ozone","Arvin-Di Giorgio","06-029-5002","AQS","2","37","18","23","25"
"01/15/2019","39","Ozone","Maricopa","06-029-0008","AQS","2","39","18","15","33"
"01/16/2019","34","Ozone","Arvin-Di Giorgio","06-029-5002","AQS","3","34","13","16","30"
"01/17/2019","37","Ozone","Mojave","06-029-0011","AQS","5","37","17","26","31"
"01/18/2019","60","PM2.5","Bakersfield-Golden/M St","06-029-0010","AQS","7","37","14","60","29"
"01/19/2019","60","PM2.5","Bakersfield-California","06-029-0014","AQS","6","35","13","60","29"
"01/20/2019","62","PM2.5","Bakersfield-California","06-029-0014","AQS","7","39","12","62","25"
"01/21/2019","39","Ozone","Maricopa","06-029-0008","AQS","5","39","12","37","35"
"01/22/2019","40","PM2.5","Bakersfield-California","06-029-0014","AQS","3","36","15","40","28"
"01/23/2019","69","PM2.5","Bakersfield-California","06-029-0014","AQS","5","32","32","69","34"
"01/24/2019","92","PM2.5","Bakersfield-Golden/M St","06-029-0010","AQS","6","37","36","92","38"
"01/25/2019","128","PM2.5","Bakersfield-California","06-029-0014","AQS","6","41","54","128","38"
"01/26/2019","142","PM2.5","Bakersfield-California","06-029-0014","AQS","8","41","52","142","40"
"01/27/2019","166","PM2.5","Bakersfield-Airport (Planz)","06-029-0016","AQS","9","45","60","166","33"
"01/28/2019","144","PM2.5","Bakersfield-California","06-029-0014","AQS","7","43","57","144","40"
"01/29/2019","152","PM2.5","Bakersfield-California","06-029-0014","AQS","8","46","62","152","32"
"01/30/2019","130","PM2.5","Bakersfield-Golden/M St","06-029-0010","AQS","6","37","57","130","40"
"01/31/2019","57","PM2.5","Bakersfield-California","06-029-0014","AQS","3","32","19","57","30"
"02/01/2019","45","PM2.5","Bakersfield-California","06-029-0014","AQS","5","38","9","45","22"
"02/02/2019","42","Ozone","Maricopa","06-029-0008","AQS","3","42","10","13","23"
"02/03/2019","39","Ozone","Mojave","06-029-0011","AQS","3","39","6","9","21"
"02/04/2019","42","Ozone","Mojave","06-029-0011","AQS","2","42","4","8","23"
"02/05/2019","41","Ozone","Mojave","06-029-0011","AQS","2","41","3","16","31"
"02/06/2019","39","NO2","Bakersfield-California","06-029-0014","AQS","3","38","6","30","39"
"02/07/2019","41","PM2.5","Bakersfield-California","06-029-0014","AQS","3","41","12","41","31"
"02/08/2019","59","PM2.5","Bakersfield-Golden/M St","06-029-0010","AQS","3","41","31","59","36"
"02/09/2019","41","Ozone","Mojave","06-029-0011","AQS","5","41","5","21","27"
"02/10/2019","44","Ozone","Mojave","06-029-0011","AQS","5","44","6","23","29"
"02/11/2019","42","Ozone","Maricopa","06-029-0008","AQS","5","42","5","34","34"
"02/12/2019","52","PM2.5","Bakersfield-Golden/M St","06-029-0010","AQS","7","41","19","52","35"
"02/13/2019","127","PM10","Oildale","06-029-0232","AQS","7","43","127","80","23"
"02/14/2019","49","PM10","Bakersfield-California","06-029-0014","AQS","2","42","49","24","28"
"02/15/2019","41","Ozone","Mojave","06-029-0011","AQS","3","41","4","23","30"
"02/16/2019","41","Ozone","Mojave","06-029-0011","AQS","2","41","3","12","22"
"02/17/2019","41","Ozone","Mojave","06-029-0011","AQS","2","41","4","13","24"
"02/18/2019","39","Ozone","Mojave","06-029-0011","AQS","3","39","8","30","30"
"02/19/2019","40","Ozone","Maricopa","06-029-0008","AQS","3","40","11","36","33"
"02/20/2019","39","Ozone","Mojave","06-029-0011","AQS","5","39","13","28","31"
"02/21/2019","39","Ozone","Mojave","06-029-0011","AQS","2","39","5","21","29"
"02/22/2019","40","PM2.5","Bakersfield-California","06-029-0014","AQS","3","38","10","40","34"
"02/23/2019","56","PM2.5","Bakersfield-Golden/M St","06-029-0010","AQS","5","41","10","56","29"
"02/24/2019","48","PM2.5","Bakersfield-California","06-029-0014","AQS","5","45","11","48","33"
"02/25/2019","44","Ozone","Mojave","06-029-0011","AQS","5","44","31","37","37"
"02/26/2019","43","Ozone","Mojave","06-029-0011","AQS","3","43","33","33","34"
"02/27/2019","53","PM2.5","Bakersfield-California","06-029-0014","AQS","3","44","20","53","27"
"02/28/2019","52","PM2.5","Bakersfield-California","06-029-0014","AQS","3","37","8","52","23"
"03/01/2019","59","PM2.5","Bakersfield-Golden/M St","06-029-0010","AQS","3","38","19","59","25"
"03/02/2019","36","Ozone","Maricopa","06-029-0008","AQS","5","36","5","20","20"
"03/03/2019","37","Ozone","Mojave","06-029-0011","AQS","3","37","3","15","23"
"03/04/2019","36","Ozone","Mojave","06-029-0011","AQS","3","36","13","26","26"
"03/05/2019","36","Ozone","Shafter","06-029-6001","AQS","3","36","9","30","23"
"03/06/2019","40","Ozone","Maricopa","06-029-0008","AQS","2","40","3","23","24"
"03/07/2019","43","Ozone","Mojave","06-029-0011","AQS","2","43","6","15","26"
"03/08/2019","43","Ozone","Mojave","06-029-0011","AQS","2","43","4","23","32"
"03/09/2019","43","Ozone","Mojave","06-029-0011","AQS","3","43","9","29","27"
"03/10/2019","44","Ozone","Mojave","06-029-0011","AQS","3","44","8","24","24"
"03/11/2019","46","PM2.5","Bakersfield-California","06-029-0014","AQS","3","40","18","46","25"
"03/12/2019","42","Ozone","Edison","06-029-0007","AQS","3","42","23","27","25"
"03/13/2019","62","PM2.5","Mojave","06-029-0011","AQS","2","43","43","62","37"
"03/14/2019","47","Ozone","Shafter","06-029-6001","AQS","3","47","19","23","27"
"03/15/2019","49","PM2.5","Bakersfield-California","06-029-0014","AQS","3","46","27","49","33"
"03/16/2019","59","PM2.5","Bakersfield-Airport (Planz)","06-029-0016","AQS","5","54","29","59","28"
"03/17/2019","64","Ozone","Maricopa","06-029-0008","AQS","5","64","22","43","35"
"03/18/2019","67","Ozone","Maricopa","06-029-0008","AQS","3","67","46","43","34"
"03/19/2019","58","PM10","Oildale","06-029-0232","AQS","3","49","58","45","36"
"03/20/2019","45","Ozone","Maricopa","06-029-0008","AQS","3","45","19","25","33"
"03/21/2019","45","Ozone","Maricopa","06-029-0008","AQS","2","45","10","22","31"
"03/22/2019","48","Ozone","Maricopa","06-029-0008","AQS","2","48","20","44","29"
"03/23/2019","46","Ozone","Mojave","06-029-0011","AQS","3","46","13","34","26"
"03/24/2019","49","Ozone","Edison","06-029-0007","AQS","5","49","16","45","25"
"03/25/2019","77","Ozone","Mojave","06-029-0011","AQS","6","77","28","56","31"
"03/26/2019","54","PM2.5","Mojave","06-029-0011","AQS","5","54","31","54","35"
"03/27/2019","39","Ozone","Mojave","06-029-0011","AQS","3","39","19","34","31"
"03/28/2019","44","Ozone","Mojave","06-029-0011","AQS","2","44","10","30","30"
"03/29/2019","45","Ozone","Arvin-Di Giorgio","06-029-5002","AQS","3","45","19","38","27"
"03/30/2019","49","Ozone","Arvin-Di Giorgio","06-029-5002","AQS","3","49","20","38","27"
"03/31/2019","54","Ozone","Arvin-Di Giorgio","06-029-5002","AQS","3","54","21","39","26"
"04/01/2019","58","Ozone","Edison","06-029-0007","AQS","3","58","39","45","32"
"04/02/2019","51","Ozone","Mojave","06-029-0011","AQS","3","51","21","28","25"
"04/03/2019","43","Ozone","Arvin-Di Giorgio","06-029-5002","AQS","2","43","18","30","26"
"04/04/2019","41","Ozone","Mojave","06-029-0011","AQS","2","41","11","27","25"
"04/05/2019","38","Ozone","Mojave","06-029-0011","AQS","3","38","13","27","25"
"04/06/2019","48","Ozone","Mojave","06-029-0011","AQS","3","48","19","29","22"
"04/07/2019","47","Ozone","Oildale","06-029-0232","AQS","3","47","19","30","25"
"04/08/2019","49","Ozone","Edison","06-029-0007","AQS","3","49","31","45","26"
"04/09/2019","68","PM10","Oildale","06-029-0232","AQS","2","47","68","46","19"
"04/10/2019","49","Ozone","Mojave","06-029-0011","AQS","3","49","31","24","34"
"04/11/2019","45","Ozone","Maricopa","06-029-0008","AQS","3","45","34","29","30"
"04/12/2019","45","Ozone","Mojave","06-029-0011","AQS","3","45","19","25","29"
"04/13/2019","61","Ozone","Edison","06-029-0007","AQS","3","61","33","30","29"
"04/14/2019","74","Ozone","Maricopa","06-029-0008","AQS","3","74","21","30","23"
"04/15/2019","51","Ozone","Shafter","06-029-6001","AQS","3","51","27","32","26"
"04/16/2019","45","Ozone","Mojave","06-029-0011","AQS","3","45","22","40","25"
"04/17/2019","61","Ozone","Edison","06-029-0007","AQS","3","61","22","30","27"
"04/18/2019","105","Ozone","Arvin-Di Giorgio","06-029-5002","AQS","3","105","16","58","31"
"04/19/2019","115","Ozone","Edison","06-029-0007","AQS","5","115","19","55","40"
"04/20/2019","71","Ozone","Mojave","06-029-0011","AQS","3","71","24","43","27"
"04/21/2019","47","Ozone","Maricopa","06-029-0008","AQS","2","47","19","37","20"
"04/22/2019","54","Ozone","Arvin-Di Giorgio","06-029-5002","AQS","2","54","16","32","25"
"04/23/2019","77","Ozone","Maricopa","06-029-0008","AQS","3","77","34","42","38"
"04/24/2019","112","Ozone","Maricopa","06-029-0008","AQS","3","112","42","49","45"
"04/25/2019","105","Ozone","Arvin-Di Giorgio","06-029-5002","AQS","3","105","44","48","32"
"04/26/2019","54","Ozone","Edison","06-029-0007","AQS","3","54","33","34","28"
"04/27/2019","77","Ozone","Edison","06-029-0007","AQS","2","77","47","43","24"
"04/28/2019","80","Ozone","Edison","06-029-0007","AQS","2","80","32","25","17"
"04/29/2019","47","Ozone","Maricopa","06-029-0008","AQS","2","47","19","42","21"
"04/30/2019","44","Ozone","Arvin-Di Giorgio","06-029-5002","AQS","2","44","17","32","18"
"05/01/2019","64","Ozone","Mojave","06-029-0011","AQS","2","64","37","42","32"
"05/02/2019","90","Ozone","Edison","06-029-0007","AQS","3","90","44","44","40"
"05/03/2019","101","Ozone","Edison","06-029-0007","AQS","3","101","44","45","35"
"05/04/2019","100","Ozone","Maricopa","06-029-0008","AQS","3","100","33","41","29"
"05/05/2019","54","Ozone","Edison","06-029-0007","AQS","2","54","26","36","23"
"05/06/2019","45","Ozone","Mojave","06-029-0011","AQS","2","45","20","31","25"
"05/07/2019","54","PM2.5","Mojave","06-029-0011","AQS","2","50","40","54","26"
"05/08/2019","74","Ozone","Edison","06-029-0007","AQS","3","74","47","51","27"
"05/09/2019","67","Ozone","Arvin-Di Giorgio","06-029-5002","AQS","3","67","43","48","30"
"05/10/2019","48","Ozone","Maricopa","06-029-0008","AQS","2","48","12","36","24"
"05/11/2019","87","Ozone","Maricopa","06-029-0008","AQS","2","87","19","56","28"
"05/12/2019","119","Ozone","Edison","06-029-0007","AQS","3","119","30","58","32"
"05/13/2019","77","Ozone","Mojave","06-029-0011","AQS","3","77","34","42","32"
"05/14/2019","93","Ozone","Edison","06-029-0007","AQS","2","93","40","34","31"
"05/15/2019","50","Ozone","Mojave","06-029-0011","AQS","3","50","41","39","25"
"05/16/2019","46","Ozone","Mojave","06-029-0011","AQS","2","46","8","24","23"
"05/17/2019","46","Ozone","Maricopa","06-029-0008","AQS","2","46","14","30","20"
"05/18/2019","48","Ozone","Edison","06-029-0007","AQS","2","48","12","38","25"
"05/19/2019","45","Ozone","Mojave","06-029-0011","AQS","2","45","11","11","15"
"05/20/2019","50","Ozone","Maricopa","06-029-0008","AQS","2","50","9","23","28"
"05/21/2019","44","Ozone","Mojave","06-029-0011","AQS","2","44","27","40","21"
"05/22/2019","40","Ozone","Mojave","06-029-0011","AQS","2","40","9","22","27"
"05/23/2019","40","Ozone","Edison","06-029-0007","AQS","2","40","9","24","27"
"05/24/2019","45","Ozone","Maricopa","06-029-0008","AQS","2","45","13","30","25"
"05/25/2019","50","Ozone","Maricopa","06-029-0008","AQS","3","50","19","44","25"
"05/26/2019","43","Ozone","Maricopa","06-029-0008","AQS","2","43","6","19","9"
"05/27/2019","44","Ozone","Maricopa","06-029-0008","AQS","2","44","7","18","17"
"05/28/2019","44","Ozone","Maricopa","06-029-0008","AQS","2","44","19","33","29"
"05/29/2019","64","Ozone","Edison","06-029-0007","AQS","3","64","29","50","33"
"05/30/2019","100","Ozone","Edison","06-029-0007","AQS","2","100","27","52","30"
"05/31/2019","80","Ozone","Edison","06-029-0007","AQS","2","80","37","45","25"
"06/01/2019","101","Ozone","Edison","06-029-0007","AQS","2","101","31","43","30"
"06/02/2019","87","Ozone","Edison","06-029-0007","AQS","2","87","27","35","25"
"06/03/2019","105","Ozone","Edison","06-029-0007","AQS","3","105","29","42","39"
"06/04/2019","150","Ozone","Bakersfield-California","06-029-0014","AQS","3","150","47","57","35"
"06/05/2019","143","Ozone","Edison","06-029-0007","AQS","3","143","45","58","33"
"06/06/2019","80","Ozone","Mojave","06-029-0011","AQS","2","80","41","43","35"
"06/07/2019","77","Ozone","Bakersfield-California","06-029-0014","AQS","2","77","40","30","36"
"06/08/2019","87","Ozone","Bakersfield-California","06-029-0014","AQS","2","87","39","35","22"
"06/09/2019","115","Ozone","Bakersfield-California","06-029-0014","AQS","2","115","44","56","25"
"06/10/2019","119","Ozone","Bakersfield-California","06-029-0014","AQS","2","119","39","47","41"
"06/11/2019","126","Ozone","Bakersfield-California","06-029-0014","AQS","2","126","44","55","38"
"06/12/2019","101","Ozone","Maricopa","06-029-0008","AQS","2","101","40","46","36"
"06/13/2019","100","Ozone","Bakersfield-California","06-029-0014","AQS","2","100","42","52","29"
"06/14/2019","74","Ozone","Bakersfield-California","06-029-0014","AQS","2","74","33","38","33"
"06/15/2019","93","Ozone","Edison","06-029-0007","AQS","2","93","27","43","24"
"06/16/2019","90","Ozone","Bakersfield-California","06-029-0014","AQS","2","90","21","41","29"
"06/17/2019","133","Ozone","Bakersfield-California","06-029-0014","AQS","2","133","33","53","26"
"06/18/2019","136","Ozone","Bakersfield-California","06-029-0014","AQS","2","136","45","50","38"
"06/19/2019","140","Ozone","Edison","06-029-0007","AQS","3","140","48","49","34"
"06/20/2019","80","Ozone","Mojave","06-029-0011","AQS","3","80","45","39","29"
"06/21/2019","67","Ozone","Mojave","06-029-0011","AQS","2","67","44","58","27"
"06/22/2019","90","Ozone","Bakersfield-California","06-029-0014","AQS","2","90","37","40","29"
"06/23/2019","101","Ozone","Bakersfield-California","06-029-0014","AQS","3","101","28","40","31"
"06/24/2019","105","Ozone","Bakersfield-California","06-029-0014","AQS","3","105","34","38","39"
"06/25/2019","93","Ozone","Edison","06-029-0007","AQS","2","93","49","46","31"
"06/26/2019","53","PM2.5","Bakersfield-Airport (Planz)","06-029-0016","AQS","2","49","44","53","31"
"06/27/2019","54","Ozone","Edison","06-029-0007","AQS","2","54","41","38","30"
"06/28/2019","80","Ozone","Edison","06-029-0007","AQS","2","80","44","51","30"
"06/29/2019","97","Ozone","Edison","06-029-0007","AQS","3","97","40","48","25"
"06/30/2019","93","Ozone","Edison","06-029-0007","AQS","3","93","27","40","30"
"07/01/2019","90","Ozone","Mojave","06-029-0011","AQS","3","90","36","49","43"
"07/02/2019","77","Ozone","Maricopa","06-029-0008","AQS","2","77","41","45","36"
"07/03/2019","74","Ozone","Edison","06-029-0007","AQS","2","74","37","41","37"
"07/04/2019","106","PM2.5","Bakersfield-California","06-029-0014","AQS","6","87","35","106","31"
"07/05/2019","115","Ozone","Edison","06-029-0007","AQS","6","115","41","71","40"
"07/06/2019","105","Ozone","Mojave","06-029-0011","AQS","3","105","27","54","27"
"07/07/2019","64","Ozone","Mojave","06-029-0011","AQS","6","64","31","53","23"
"07/08/2019","54","Ozone","Edison","06-029-0007","AQS","6","54","38","46","30"
"07/09/2019","77","Ozone","Edison","06-029-0007","AQS","2","77","36","40","41"
"07/10/2019","97","Ozone","Edison","06-029-0007","AQS","2","97","43","46","36"
"07/11/2019","87","Ozone","Edison","06-029-0007","AQS","2","87","49","56","39"
"07/12/2019","90","Ozone","Edison","06-029-0007","AirNow","3","90","50","49","41"
"07/13/2019","126","Ozone","Edison","06-029-0007","AQS","2","126","43","56","37"
"07/14/2019","74","Ozone","Edison","06-029-0007","AQS","3","74","36","52","23"
"07/15/2019","74","Ozone","Arvin-Di Giorgio","06-029-5002","AQS","2","74","36","34","35"
"07/16/2019","46","Ozone","Edison","06-029-0007","AQS","3","46","39","28","28"
"07/17/2019","48","Ozone","Maricopa","06-029-0008","AQS","2","48","42","47","26"
"07/18/2019","64","Ozone","Edison","06-029-0007","AQS",".","64","45","38","35"
"07/19/2019","61","Ozone","Arvin-Di Giorgio","06-029-5002","AQS","2","61","33","47","38"
"07/20/2019","80","Ozone","Edison","06-029-0007","AQS","2","80","31","47","22"
"07/21/2019","97","Ozone","Edison","06-029-0007","AQS","2","97","33","64","33"
"07/22/2019","133","Ozone","Edison","06-029-0007","AQS","3","133","39","49","37"
"07/23/2019","108","Ozone","Edison","06-029-0007","AQS","3","108","53","57","46"
"07/24/2019","126","Ozone","Edison","06-029-0007","AQS","3","126","51","60","42"
"07/25/2019","156","Ozone","Bakersfield-California","06-029-0014","AQS","5","156","56","59","45"
"07/26/2019","97","Ozone","Maricopa","06-029-0008","AQS","5","97","44","52","41"
"07/27/2019","122","Ozone","Arvin-Di Giorgio","06-029-5002","AQS","3","122","42","54","35"
"07/28/2019","115","Ozone","Maricopa","06-029-0008","AQS","3","115","31","44","25"
"07/29/2019","105","Ozone","Maricopa","06-029-0008","AQS","2","105","48","52","38"
"07/30/2019","101","Ozone","Edison","06-029-0007","AQS","3","101","55","43","41"
"07/31/2019","126","Ozone","Edison","06-029-0007","AQS","3","126","48","43","37"
"08/01/2019","101","Ozone","Maricopa","06-029-0008","AQS","5","101","64","60","49"
"08/02/2019","93","Ozone","Mojave","06-029-0011","AQS","3","93","46","39","45"
"08/03/2019","112","Ozone","Edison","06-029-0007","AQS","3","112","42","50","36"
"08/04/2019","126","Ozone","Edison","06-029-0007","AQS","5","126","40","59","35"
"08/05/2019","105","Ozone","Edison","06-029-0007","AQS","3","105","45","40","40"
"08/06/2019","122","Ozone","Oildale","06-029-0232","AQS","3","122","49","49","45"
"08/07/2019","147","Ozone","Edison","06-029-0007","AQS","3","147","53","56","42"
"08/08/2019","122","Ozone","Arvin-Di Giorgio","06-029-5002","AQS","3","122","53","46","39"
"08/09/2019","97","Ozone","Arvin-Di Giorgio","06-029-5002","AQS","3","97","57","38","39"
"08/10/2019","49","Ozone","Edison","06-029-0007","AQS","5","49","41","41","26"
"08/11/2019","44","Ozone","Mojave","06-029-0011","AQS","3","44","26","32","29"
"08/12/2019","100","Ozone","Arvin-Di Giorgio","06-029-5002","AQS","3","100","46","41","42"
"08/13/2019","140","Ozone","Arvin-Di Giorgio","06-029-5002","AQS","3","140","62","53","45"
"08/14/2019","151","Ozone","Arvin-Di Giorgio","06-029-5002","AQS","3","151","61","56","42"
"08/15/2019","147","Ozone","Edison","06-029-0007","AQS","5","147","57","56","54"
"08/16/2019","122","Ozone","Edison","06-029-0007","AQS","5","122","51","54","42"
"08/17/2019","64","Ozone","Edison","06-029-0007","AQS","3","64","39","36","36"
"08/18/2019","49","Ozone","Arvin-Di Giorgio","06-029-5002","AQS","3","49","24","28","24"
"08/19/2019","84","Ozone","Arvin-Di Giorgio","06-029-5002","AQS","3","84","45","40","19"
"08/20/2019","108","Ozone","Arvin-Di Giorgio","06-029-5002","AQS","3","108","58","41","22"
"08/21/2019","90","Ozone","Arvin-Di Giorgio","06-029-5002","AQS","3","90","56","45","19"
"08/22/2019","115","Ozone","Arvin-Di Giorgio","06-029-5002","AQS","3","115","56","53","31"
"08/23/2019","122","Ozone","Edison","06-029-0007","AQS","5","122","52","49","30"
"08/24/2019","100","Ozone","Arvin-Di Giorgio","06-029-5002","AQS","5","100","49","42","27"
"08/25/2019","105","Ozone","Edison","06-029-0007","AQS","5","105","46","48","24"
"08/26/2019","90","Ozone","Arvin-Di Giorgio","06-029-5002","AQS","5","90","49","49","28"
"08/27/2019","147","Ozone","Edison","06-029-0007","AQS","3","147","60","48","29"
"08/28/2019","126","Ozone","Edison","06-029-0007","AQS","3","126","56","46","28"
"08/29/2019","105","Ozone","Arvin-Di Giorgio","06-029-5002","AQS","3","105","61","37","20"
"08/30/2019","108","Ozone","Edison","06-029-0007","AQS","3","108","63","46","21"
"08/31/2019","133","Ozone","Edison","06-029-0007","AQS","5","133","65","56","25"
"09/01/2019","122","Ozone","Edison","06-029-0007","AQS","5","122","48","51","20"
"09/02/2019","112","PM10","Ridgecrest-Ward","06-029-0018","AQS","5","101","112","97","21"
"09/03/2019","112","Ozone","Arvin-Di Giorgio","06-029-5002","AQS","5","112","63","56","22"
"09/04/2019","150","Ozone","Edison","06-029-0007","AQS","3","150","69","51","31"
"09/05/2019","119","Ozone","Edison","06-029-0007","AQS","5","119","67","54","30"
"09/06/2019","100","Ozone","Edison","06-029-0007","AQS","5","100","61","46","21"
"09/07/2019","122","PM10","Oildale","06-029-0232","AQS","3","67","122","55","19"
"09/08/2019","84","PM10","Mojave","06-029-0011","AQS","2","46","84","48","15"
"09/09/2019","50","Ozone","Mojave","06-029-0011","AQS","3","50","44","38","22"
"09/10/2019","48","Ozone","Mojave","06-029-0011","AQS","3","48","46","27","17"
"09/11/2019","61","Ozone","Edison","06-029-0007","AQS","3","61","50","35","23"
"09/12/2019","108","Ozone","Arvin-Di Giorgio","06-029-5002","AQS","3","108","68","52","35"
"09/13/2019","136","Ozone","Edison","06-029-0007","AQS","5","136","77","58","34"
"09/14/2019","151","Ozone","Edison","06-029-0007","AQS","6","151","62","56","34"
"09/15/2019","97","Ozone","Maricopa","06-029-0008","AQS","5","97","56","45","22"
"09/16/2019","64","PM10","Oildale","06-029-0232","AQS","3","61","64","30","30"
"09/17/2019","49","PM10","Oildale","06-029-0232","AQS","3","49","49","28","22"
"09/18/2019","67","Ozone","Edison","06-029-0007","AQS","5","67","57","42","40"
"09/19/2019","64","PM2.5","Mojave","06-029-0011","AQS","5","41","57","64","29"
"09/20/2019","50","PM10","Oildale","06-029-0232","AQS","3","48","50","29","29"
"09/21/2019","77","Ozone","Edison","06-029-0007","AQS","5","77","54","40","37"
"09/22/2019","101","Ozone","Edison","06-029-0007","AQS","5","101","51","43","24"
"09/23/2019","67","Ozone","Edison","06-029-0007","AQS","3","67","62","42","35"
"09/24/2019","84","Ozone","Edison","06-029-0007","AQS","3","84","65","52","30"
"09/25/2019","101","Ozone","Shafter","06-029-6001","AQS","3","101","67","50","39"
"09/26/2019","100","Ozone","Edison","06-029-0007","AQS","3","100","73","53","41"
"09/27/2019","64","Ozone","Mojave","06-029-0011","AQS","3","64","55","44","26"
"09/28/2019","52","PM10","Canebrake","06-029-0017","AQS","3","41","52","26","12"
"09/29/2019","38","Ozone","Mojave","06-029-0011","AQS","3","38","27","26","23"
"09/30/2019","46","PM10","Oildale","06-029-0232","AQS","3","41","46","37","29"
"10/01/2019","54","PM10","Oildale","06-029-0232","AQS","3","44","54","31","29"
"10/02/2019","73","PM10","Oildale","06-029-0232","AQS","3","51","73","38","34"
"10/03/2019","87","Ozone","Mojave","06-029-0011","AQS","5","87","71","54","41"
"10/04/2019","69","PM10","Oildale","06-029-0232","AQS","5","51","69","43","42"
"10/05/2019","67","Ozone","Edison","06-029-0007","AQS","5","67","61","46","29"
"10/06/2019","108","Ozone","Edison","06-029-0007","AQS","5","108","65","56","37"
"10/07/2019","119","Ozone","Maricopa","06-029-0008","AQS","5","119","78","58","50"
"10/08/2019","129","Ozone","Edison","06-029-0007","AQS","5","129","81","58","54"
"10/09/2019","105","Ozone","Mojave","06-029-0011","AQS","5","105","104","64","44"
"10/10/2019","90","PM10","Oildale","06-029-0232","AQS","3","42","90","43","45"
"10/11/2019","77","PM10","Oildale","06-029-0232","AQS","3","50","77","50","44"
"10/12/2019","61","Ozone","Maricopa","06-029-0008","AQS","5","61","58","57","32"
"10/13/2019","80","Ozone","Maricopa","06-029-0008","AQS","5","80","45","40","31"
"10/14/2019","100","Ozone","Maricopa","06-029-0008","AQS","5","100","70","55","42"
"10/15/2019","108","Ozone","Maricopa","06-029-0008","AQS","6","108","81","67","42"
"10/16/2019","122","Ozone","Maricopa","06-029-0008","AQS","5","122","90","67","55"
"10/17/2019","119","PM10","Mojave","06-029-0011","AQS","6","80","119","66","48"
"10/18/2019","59","PM10","Bakersfield-Golden/M St","06-029-0010","AQS","3","43","59","45","32"
"10/19/2019","47","PM10","Oildale","06-029-0232","AQS","5","45","47","44","28"
"10/20/2019","41","Ozone","Mojave","06-029-0011","AQS","5","41","33","38","27"
"10/21/2019","61","PM2.5","Bakersfield-Airport (Planz)","06-029-0016","AQS","5","61","56","61","38"
"10/22/2019","84","Ozone","Edison","06-029-0007","AQS","5","84","71","62","36"
"10/23/2019","108","Ozone","Edison","06-029-0007","AQS","6","108","82","64","44"
"10/24/2019","93","Ozone","Edison","06-029-0007","AQS","6","93","73","66","41"
"10/25/2019","71","Ozone","Edison","06-029-0007","AQS","6","71","66","59","44"
"10/26/2019","87","Ozone","Edison","06-029-0007","AQS","7","87","57","55","52"
"10/27/2019","240","PM10","Oildale","06-029-0232","AQS","5","50","240","77","30"
"10/28/2019","140","PM10","Oildale","06-029-0232","AQS","3","43","140","67","35"
"10/29/2019","102","PM10","Oildale","06-029-0232","AQS","3","47","102","61","48"
"10/30/2019","548","PM10","Bakersfield-Golden/M St","06-029-0010","AQS","3","42","548","135","38"
"10/31/2019","72","PM10","Oildale","06-029-0232","AQS","5","42","72","47","39"
"11/01/2019","77","PM10","Oildale","06-029-0232","AQS","6","49","77","68","42"
"11/02/2019","93","PM2.5","Bakersfield-Airport (Planz)","06-029-0016","AQS","8","77","80","93","45"
"11/03/2019","97","Ozone","Edison","06-029-0007","AQS","8","97","63","95","48"
"11/04/2019","105","Ozone","Maricopa","06-029-0008","AQS","7","105","68","75","57"
"11/05/2019","93","Ozone","Maricopa","06-029-0008","AQS","7","93","81","87","67"
"11/06/2019","108","Ozone","Maricopa","06-029-0008","AQS","7","108","76","76","62"
"11/07/2019","122","Ozone","Maricopa","06-029-0008","AQS","8","122","92","91","66"
"11/08/2019","129","PM2.5","Bakersfield-Airport (Planz)","06-029-0016","AQS","8","115","91","129","76"
"11/09/2019","133","Ozone","Maricopa","06-029-0008","AQS","8","133","76","120","51"
"11/10/2019","115","Ozone","Maricopa","06-029-0008","AQS","8","115","57","92","62"
"11/11/2019","108","Ozone","Maricopa","06-029-0008","AQS","7","108","72","91","52"
"11/12/2019","97","Ozone","Maricopa","06-029-0008","AQS","7","97","82","96","69"
"11/13/2019","103","PM2.5","Bakersfield-California","06-029-0014","AQS","7","97","78","103","60"
"11/14/2019","81","PM2.5","Bakersfield-Airport (Planz)","06-029-0016","AQS","6","58","72","81","52"
"11/15/2019","64","PM2.5","Bakersfield-California","06-029-0014","AQS","5","42","49","64","30"
"11/16/2019","86","PM2.5","Bakersfield-California","06-029-0014","AQS","6","45","55","86","38"
"11/17/2019","104","PM2.5","Bakersfield-Golden/M St","06-029-0010","AQS","5","64","68","104","47"
"11/18/2019","96","PM2.5","Bakersfield-California","06-029-0014","AQS","5","80","75","96","60"
"11/19/2019","87","Ozone","Maricopa","06-029-0008","AQS","5","87","69","84","53"
"11/20/2019","36","Ozone","Mojave","06-029-0011","AQS","2","36","19","20","22"
"11/21/2019","46","PM2.5","Bakersfield-California","06-029-0014","AQS","2","35","15","46","40"
"11/22/2019","62","PM2.5","Bakersfield-California","06-029-0014","AQS","3","42","25","62","41"
"11/23/2019","95","PM2.5","Bakersfield-California","06-029-0014","AQS","3","42","54","95","37"
"11/24/2019","97","PM2.5","Bakersfield-California","06-029-0014","AQS","3","45","43","97","36"
"11/25/2019","193","PM10","Oildale","06-029-0232","AQS","3","43","193","96","33"
"11/26/2019","94","PM10","Oildale","06-029-0232","AQS","2","39","94","61","42"
"11/27/2019","37","Ozone","Maricopa","06-029-0008","AQS","2","37","26","28","34"
"11/28/2019","35","Ozone","Maricopa","06-029-0008","AQS","1","35","5","23","24"
"11/29/2019","37","Ozone","Mojave","06-029-0011","AQS","1","37","9","35","23"
"11/30/2019","34","Ozone","Edison","06-029-0007","AQS","2","34","4","25","23"
"12/01/2019","35","Ozone","Shafter","06-029-6001","AQS","1","35","4","15","11"
"12/02/2019","54","PM2.5","Bakersfield-Airport (Planz)","06-029-0016","AQS","2","37","18","54","30"
"12/03/2019","83","PM2.5","Bakersfield-California","06-029-0014","AQS","3","28","31","83","31"
"12/04/2019","35","PM2.5","Bakersfield-California","06-029-0014","AQS","3","29","4","35","27"
"12/05/2019","39","PM2.5","Bakersfield-California","06-029-0014","AQS","3","31","20","39","25"
"12/06/2019","31","Ozone","Edison","06-029-0007","AQS","2","31","10","27","20"
"12/07/2019","27","PM2.5","Bakersfield-California","06-029-0014","AQS","2","27","5","27","26"
"12/08/2019","36","Ozone","Mojave","06-029-0011","AQS","2","36","5","35","23"
"12/09/2019","51","PM2.5","Bakersfield-California","06-029-0014","AQS","3","35","7","51","25"
"12/10/2019","59","PM2.5","Bakersfield-California","06-029-0014","AQS","5","30","14","59","25"
"12/11/2019","78","PM2.5","Bakersfield-Golden/M St","06-029-0010","AQS","5","37","31","78","22"
"12/12/2019","58","PM2.5","Bakersfield-California","06-029-0014","AQS","3","34","17","58","34"
"12/13/2019","66","PM2.5","Bakersfield-California","06-029-0014","AQS","3","34","5","66","34"
"12/14/2019","74","PM2.5","Bakersfield-Golden/M St","06-029-0010","AQS","3","39","19","74","18"
"12/15/2019","39","Ozone","Mojave","06-029-0011","AQS","2","39","6","28","27"
"12/16/2019","51","PM2.5","Bakersfield-California","06-029-0014","AQS","3","36","17","51","32"
"12/17/2019","56","PM10","Bakersfield-Golden/M St","06-029-0010","AQS","3","38","56","25","25"
"12/18/2019","35","PM2.5","Bakersfield-California","06-029-0014","AQS","2","33","18","35","32"
"12/19/2019","55","PM2.5","Bakersfield-California","06-029-0014","AQS","3","35","20","55","36"
"12/20/2019","75","PM2.5","Bakersfield-Golden/M St","06-029-0010","AQS","5","35","39","75","32"
"12/21/2019","43","PM2.5","Bakersfield-California","06-029-0014","AQS","6","35","27","43","29"
"12/22/2019","57","PM10","Oildale","06-029-0232","AQS","1","42","57","34","8"
"12/23/2019","39","PM2.5","Bakersfield-Golden/M St","06-029-0010","AQS","1","32","18","39","26"
"12/24/2019","38","PM2.5","Bakersfield-California","06-029-0014","AQS","3","36","5","38","25"
"12/25/2019","43","PM2.5","Bakersfield-California","06-029-0014","AQS","3","36","5","43","21"
"12/26/2019","33","PM2.5","Bakersfield-California","06-029-0014","AQS","1","33","3","33","27"
"12/27/2019","36","PM2.5","Bakersfield-California","06-029-0014","AQS","3","32","6","36","28"
"12/28/2019","58","PM2.5","Bakersfield-California","06-029-0014","AQS","3","31","9","58","27"
"12/29/2019","60","PM2.5","Bakersfield-Golden/M St","06-029-0010","AQS","3","31","23","60","30"
"12/30/2019","62","PM2.5","Bakersfield-California","06-029-0014","AQS","2","33","13","62","25"
"12/31/2019","85","PM2.5","Bakersfield-California","06-029-0014","AQS","5","35","19","85","25"
